{
  "eval_seed": 8506,
  "rms_passive_mm": 4.8461745189076375e-05,
  "rms_rl_mm": 0.0013068140341334423,
  "rms_lqr_mm": 3.745890915914541e-05,
  "rms_cascade_mm": 0.0003858964789400868,
  "rms_bad_lqr_mm": 4.0337187065821204e-05,
  "rms_bad_cascade_mm": 0.0003858964789400868,
  "improvement_rl_x": 0.03708388793146969,
  "improvement_lqr_x": 1.2937308180327691,
  "improvement_cascade_x": 0.12558224247648658,
  "improvement_bad_lqr_x": 1.2014160806502874,
  "improvement_bad_cascade_x": 0.12558224247648658,
  "cascade_alpha": 1.0,
  "bad_lqr_scale": 0.35
}