{
  "eval_seed": 41193,
  "rms_passive_mm": 1.8671123847106694e-06,
  "rms_rl_mm": 0.02534288468858563,
  "improvement_x": 7.367402754871122e-05,
  "reward_initial": -0.037792,
  "reward_final": -3.767e-05,
  "run_reg_test": true,
  "reg_final_abs_x2_mm": 11.928389640480567,
  "noise_model": "external",
  "cascade_mode": "none",
  "reward_mode": "log_multiplicative"
}