{
  "eval_seed": 95580,
  "rms_passive_mm": 8.977600638019766e-05,
  "rms_rl_mm": 1.969498111592699e-05,
  "rms_lqr_mm": 3.2627210490721544e-05,
  "rms_cascade_mm": 1.9811144151942313e-05,
  "rms_bad_lqr_mm": 5.0388906791400234e-05,
  "rms_bad_cascade_mm": 1.9811144151942313e-05,
  "improvement_rl_x": 4.558318987551471,
  "improvement_lqr_x": 2.7515685536686614,
  "improvement_cascade_x": 4.531591193908701,
  "improvement_bad_lqr_x": 1.7816621176532357,
  "improvement_bad_cascade_x": 4.531591193908701,
  "cascade_alpha": 1.0,
  "bad_lqr_scale": 0.35
}