{
  "eval_seed": 17917,
  "rms_passive_mm": 0.5521048536599842,
  "rms_rl_mm": 0.015879441434976854,
  "rms_lqr_mm": 0.06906461393297386,
  "rms_cascade_mm": 0.020835734782060307,
  "rms_bad_lqr_mm": 0.1256528959394777,
  "rms_bad_cascade_mm": 0.020835734782060307,
  "improvement_rl_x": 34.768531117466786,
  "improvement_lqr_x": 7.994033734783393,
  "improvement_cascade_x": 26.497978565908305,
  "improvement_bad_lqr_x": 4.393888811969065,
  "improvement_bad_cascade_x": 26.497978565908305,
  "cascade_alpha": 1.0,
  "bad_lqr_scale": 0.35
}