{
  "eval_seed": 13555,
  "rms_passive_mm": 0.37158010569150485,
  "rms_rl_mm": 0.00947458324426109,
  "improvement_x": 39.21862272059058,
  "reward_initial": -178.219082,
  "reward_final": -0.013610820000000001,
  "run_reg_test": true,
  "reg_final_abs_x2_mm": 10.482367137725223,
  "noise_model": "external",
  "cascade_mode": "none",
  "reward_mode": "log_multiplicative"
}