{
  "eval_seed": 94091,
  "rms_passive_mm": 4.171910420233518e-05,
  "rms_rl_mm": 0.3483701251170439,
  "rms_lqr_mm": 2.6731020542116164e-05,
  "rms_cascade_mm": 0.109423908009587,
  "rms_bad_lqr_mm": 3.055197116996432e-05,
  "rms_bad_cascade_mm": 0.109423908009587,
  "improvement_rl_x": 0.00011975511444420952,
  "improvement_lqr_x": 1.5607000165446165,
  "improvement_cascade_x": 0.0003812613254379475,
  "improvement_bad_lqr_x": 1.3655126855889836,
  "improvement_bad_cascade_x": 0.0003812613254379475,
  "cascade_alpha": 1.0,
  "bad_lqr_scale": 0.35
}