{
  "eval_seed": 96599,
  "rms_passive_mm": 0.00012243404099632833,
  "rms_rl_mm": 2.4374317935090873e-05,
  "improvement_x": 5.023075571688684,
  "reward_initial": -5.023864,
  "reward_final": -0.20946017,
  "run_reg_test": true,
  "reg_final_abs_x2_mm": 11.032549304087743,
  "noise_model": "external",
  "cascade_mode": "none",
  "reward_mode": "log_multiplicative"
}