{
  "eval_seed": 70082,
  "rms_passive_mm": 0.5301554662496191,
  "rms_rl_mm": 0.015133255168876146,
  "improvement_x": 35.03248047650481,
  "reward_initial": -33.052848,
  "reward_final": -0.00488289,
  "run_reg_test": true,
  "reg_final_abs_x2_mm": 0.5520390794941353,
  "noise_model": "external",
  "cascade_mode": "none"
}