{
  "seed": 94653,
  "rms_passive_mm": 5.702441690563521e-05,
  "rms_controlled_mm": 1.8469531446077045e-05,
  "improvement_x": 3.087485845113157,
  "reward_passive_mean": -3.252163574131302e-15,
  "reward_controlled_mean": -2.7772629376537706e-13
}