{
  "eval_seed": 89285,
  "rms_passive_mm": 0.009099327947461584,
  "rms_lqr_mm": 0.0017029068437393474,
  "improvement_x": 5.34340911302037,
  "reward_passive": 0.0,
  "reward_lqr": -2.509227555569428e-11,
  "run_reg_test": true,
  "reg_final_abs_x2_mm": 5.678411125465695e-06,
  "noise_model": "bandlimited",
  "controller_type": "LQR",
  "reward_mode": "log_multiplicative",
  "lqr_gain": [
    362.5672687660797,
    -246.06869340966284,
    171.5626265974067,
    45.83403403297705
  ]
}