{
  "seed": 9615,
  "rms_passive_mm": 9.308602229078454,
  "rms_controlled_mm": 1.8643746002444666,
  "improvement_x": 4.992881917538386,
  "reward_passive_mean": -8.686006834584872e-05,
  "reward_controlled_mean": -0.010445255927412534
}