{
  "eval_seed": 8506,
  "rms_passive_mm": 4.8461745189076375e-05,
  "rms_rl_mm": 0.0013068140341334423,
  "improvement_x": 0.03708388793146969,
  "reward_initial": -133.49656,
  "reward_final": -151.49942479999999,
  "run_reg_test": false,
  "reg_final_abs_x2_mm": null,
  "noise_model": "external",
  "cascade_mode": "none",
  "reward_mode": "log_multiplicative"
}