{
  "eval_seed": 79358,
  "rms_passive_mm": 0.3987274348563817,
  "rms_rl_mm": 0.0070871553370966955,
  "improvement_x": 56.26057506730525,
  "reward_initial": -178.219081,
  "reward_final": -0.01634095,
  "run_reg_test": true,
  "reg_final_abs_x2_mm": 96.74786971791127,
  "noise_model": "external",
  "cascade_mode": "none",
  "reward_mode": "log_multiplicative"
}