{
  "eval_seed": 18067,
  "rms_passive_mm": 1.911234092656351,
  "rms_lqr_mm": 0.3054473592992346,
  "improvement_x": 6.2571635814470765,
  "reward_passive": 0.0,
  "reward_lqr": -0.007412618942308195,
  "run_reg_test": true,
  "reg_final_abs_x2_mm": 5.678411125465695e-06,
  "noise_model": "bandlimited",
  "controller_type": "LQR",
  "reward_mode": "log_multiplicative",
  "lqr_gain": [
    362.5672687660797,
    -246.06869340966284,
    171.5626265974067,
    45.83403403297705
  ]
}