{
  "seed": 84970,
  "rms_passive_mm": 6.031192722999908e-05,
  "rms_controlled_mm": 2.260326060002167e-05,
  "improvement_x": 2.668284381499422,
  "reward_passive_mean": -3.642048177585102e-15,
  "reward_controlled_mean": -2.876386007058115e-12
}