{
  "eval_seed": 80212,
  "rms_passive_mm": 0.2950779161809916,
  "rms_rl_mm": 0.006056139954873479,
  "improvement_x": 48.72376107218879,
  "reward_initial": -178.219081,
  "reward_final": -0.01634095,
  "run_reg_test": true,
  "reg_final_abs_x2_mm": 96.74786971791127,
  "noise_model": "external",
  "cascade_mode": "none",
  "reward_mode": "log_multiplicative"
}