{
  "eval_seed": 29886,
  "rms_passive_mm": 1.9872300007792513e-05,
  "rms_rl_mm": 0.005034479222963042,
  "rms_lqr_mm": 1.2498311026122402e-05,
  "rms_cascade_mm": 0.0009462221470812207,
  "rms_bad_lqr_mm": 1.6351876511700684e-05,
  "rms_bad_cascade_mm": 0.0009462221470812207,
  "improvement_rl_x": 0.003947240444880945,
  "improvement_lqr_x": 1.589998837943617,
  "improvement_cascade_x": 0.021001727838533393,
  "improvement_bad_lqr_x": 1.2152917124571463,
  "improvement_bad_cascade_x": 0.021001727838533393,
  "cascade_alpha": 1.0,
  "bad_lqr_scale": 0.35
}