{
  "eval_seed": 96001,
  "rms_passive_mm": 5.87640702677632e-05,
  "rms_rl_mm": 1.7596243524290708e-05,
  "rms_lqr_mm": 2.833359436345512e-05,
  "rms_cascade_mm": 1.7772492508100463e-05,
  "rms_bad_lqr_mm": 3.661571323095416e-05,
  "rms_bad_cascade_mm": 1.7772492508100463e-05,
  "improvement_rl_x": 3.3395804159360734,
  "improvement_lqr_x": 2.0740069019819645,
  "improvement_cascade_x": 3.306461951860682,
  "improvement_bad_lqr_x": 1.6048866752125772,
  "improvement_bad_cascade_x": 3.306461951860682,
  "cascade_alpha": 1.0,
  "bad_lqr_scale": 0.35
}