{
  "eval_seed": 94091,
  "rms_passive_mm": 4.171910420233518e-05,
  "rms_rl_mm": 0.3483701251170439,
  "improvement_x": 0.00011975511444420952,
  "reward_initial": -174709.184194,
  "reward_final": -332025.07725189,
  "run_reg_test": true,
  "reg_final_abs_x2_mm": 11.418980556706932,
  "noise_model": "external",
  "cascade_mode": "none",
  "reward_mode": "log_multiplicative"
}