{
  "seed": 94419,
  "rms_passive_mm": 7.854754386035274e-05,
  "rms_controlled_mm": 4.26400242679236e-05,
  "improvement_x": 1.842108329179375,
  "reward_passive_mean": -6.176083124587682e-15,
  "reward_controlled_mean": -3.558012526696696e-13
}