{
  "eval_seed": 92689,
  "rms_passive_mm": 7.74912026961006e-05,
  "rms_rl_mm": 0.3486777054351155,
  "rms_lqr_mm": 3.4166188011029526e-05,
  "rms_cascade_mm": 0.10947529348932175,
  "rms_bad_lqr_mm": 4.6568764228559036e-05,
  "rms_bad_cascade_mm": 0.10947529348932175,
  "improvement_rl_x": 0.00022224306713100337,
  "improvement_lqr_x": 2.2680669751944493,
  "improvement_cascade_x": 0.0007078419269427134,
  "improvement_bad_lqr_x": 1.664016728375581,
  "improvement_bad_cascade_x": 0.0007078419269427134,
  "cascade_alpha": 1.0,
  "bad_lqr_scale": 0.35
}