{
  "seed": 18513,
  "rms_passive_mm": 71.0517827274163,
  "rms_controlled_mm": 15.16700359047263,
  "improvement_x": 4.684628859193288,
  "reward_passive_mean": -0.005058806689764096,
  "reward_controlled_mean": -0.904021489306343
}