{
  "seed": 80463,
  "rms_passive_mm": 65.84983479066484,
  "rms_controlled_mm": 12.82666756689098,
  "improvement_x": 5.133822518378871,
  "reward_passive_mean": -0.004339408714832291,
  "reward_controlled_mean": -1.3266200738323488
}