{
  "eval_seed": 83626,
  "rms_passive_mm": 8.687297383170444e-05,
  "rms_rl_mm": 0.024408724905331226,
  "rms_lqr_mm": 2.9958236061597993e-05,
  "rms_cascade_mm": 0.007732645238636648,
  "rms_bad_lqr_mm": 4.647913519051053e-05,
  "rms_bad_cascade_mm": 0.007732645238636648,
  "improvement_rl_x": 0.003559095125560209,
  "improvement_lqr_x": 2.8998027004354463,
  "improvement_cascade_x": 0.0112345738296176,
  "improvement_bad_lqr_x": 1.8690746606111759,
  "improvement_bad_cascade_x": 0.0112345738296176,
  "cascade_alpha": 1.0,
  "bad_lqr_scale": 0.35
}