{
  "eval_seed": 96599,
  "rms_passive_mm": 0.00012243404099632833,
  "rms_rl_mm": 2.4374317935090873e-05,
  "rms_lqr_mm": 6.66772870898775e-05,
  "rms_cascade_mm": 2.441001611611256e-05,
  "rms_bad_lqr_mm": 8.234689705305288e-05,
  "rms_bad_cascade_mm": 2.441001611611256e-05,
  "improvement_rl_x": 5.023075571688684,
  "improvement_lqr_x": 1.8362180937459802,
  "improvement_cascade_x": 5.015729625656088,
  "improvement_bad_lqr_x": 1.4868081904464339,
  "improvement_bad_cascade_x": 5.015729625656088,
  "cascade_alpha": 1.0,
  "bad_lqr_scale": 0.35
}