{
  "eval_seed": 81874,
  "rms_passive_mm": 0.38869569028479073,
  "rms_rl_mm": 0.016271223766416907,
  "improvement_x": 23.8885344989872,
  "reward_initial": -178.219081,
  "reward_final": -0.01634095,
  "run_reg_test": true,
  "reg_final_abs_x2_mm": 96.74786971791127,
  "noise_model": "external",
  "cascade_mode": "none",
  "reward_mode": "log_multiplicative"
}