{
  "seed": 99991,
  "rms_passive_mm": 4.700478169102863e-05,
  "rms_controlled_mm": 7.635360078087387e-06,
  "improvement_x": 6.156197115827844,
  "reward_passive_mean": -2.209696736675042e-15,
  "reward_controlled_mean": -1.599202589453785e-09
}