{
  "eval_seed": 81874,
  "rms_passive_mm": 0.38869569028479073,
  "rms_rl_mm": 0.016271223766416907,
  "rms_lqr_mm": 0.15596498007514914,
  "rms_cascade_mm": 0.014759870244129496,
  "rms_bad_lqr_mm": 0.23963777973503933,
  "rms_bad_cascade_mm": 0.014759870244129496,
  "improvement_rl_x": 23.8885344989872,
  "improvement_lqr_x": 2.492198505699832,
  "improvement_cascade_x": 26.334627869739457,
  "improvement_bad_lqr_x": 1.622013401703857,
  "improvement_bad_cascade_x": 26.334627869739457,
  "cascade_alpha": 1.0,
  "bad_lqr_scale": 0.35
}