{
  "eval_seed": 70671,
  "rms_passive_mm": 0.1741948791199893,
  "rms_rl_mm": 0.0165218351470239,
  "improvement_x": 10.543312989741775,
  "reward_initial": -6.447675,
  "reward_final": -0.00100235,
  "run_reg_test": true,
  "reg_final_abs_x2_mm": 74.871958052225,
  "noise_model": "external",
  "cascade_mode": "sum"
}