{
  "seed": 21302,
  "rms_passive_mm": 7.216181066367612e-05,
  "rms_controlled_mm": 2.0561416760846355e-05,
  "improvement_x": 3.5095738539325136,
  "reward_passive_mean": -5.2167006400448046e-15,
  "reward_controlled_mean": -2.6393502726076256e-13
}