{
  "seed": 79490,
  "rms_passive_mm": 57.38112017821399,
  "rms_controlled_mm": 12.839655938038671,
  "improvement_x": 4.469054346559015,
  "reward_passive_mean": -0.00330308322796087,
  "reward_controlled_mean": -0.4008298492996994
}