{
  "eval_seed": 95580,
  "rms_passive_mm": 8.977600638019766e-05,
  "rms_rl_mm": 1.969498111592699e-05,
  "improvement_x": 4.558318987551471,
  "reward_initial": -5.023864,
  "reward_final": -0.20946017,
  "run_reg_test": true,
  "reg_final_abs_x2_mm": 11.032549304087743,
  "noise_model": "external",
  "cascade_mode": "none",
  "reward_mode": "log_multiplicative"
}