{
  "seed": 81902,
  "rms_passive_mm": 32.74510376078946,
  "rms_controlled_mm": 7.227474321996585,
  "improvement_x": 4.530642697841318,
  "reward_passive_mean": -0.0010761926710384489,
  "reward_controlled_mean": -0.050478702165374284
}