{
  "eval_seed": 41193,
  "rms_passive_mm": 1.8671123847106694e-06,
  "rms_rl_mm": 0.02534288468858563,
  "rms_lqr_mm": 4.992800904020906e-07,
  "rms_cascade_mm": 0.00900537093642987,
  "rms_bad_lqr_mm": 9.257576607369774e-07,
  "rms_bad_cascade_mm": 0.00900537093642987,
  "improvement_rl_x": 7.367402754871122e-05,
  "improvement_lqr_x": 3.7396091304321946,
  "improvement_cascade_x": 0.00020733320125188267,
  "improvement_bad_lqr_x": 2.016847890002118,
  "improvement_bad_cascade_x": 0.00020733320125188267,
  "cascade_alpha": 1.0,
  "bad_lqr_scale": 0.35
}