{
  "eval_seed": 13555,
  "rms_passive_mm": 0.37158010569150485,
  "rms_rl_mm": 0.00947458324426109,
  "rms_lqr_mm": 0.0631012763873525,
  "rms_cascade_mm": 0.011939109297853684,
  "rms_bad_lqr_mm": 0.10307154196432047,
  "rms_bad_cascade_mm": 0.011939109297853684,
  "improvement_rl_x": 39.21862272059058,
  "improvement_lqr_x": 5.888630578730755,
  "improvement_cascade_x": 31.122933580841284,
  "improvement_bad_lqr_x": 3.605069824415085,
  "improvement_bad_cascade_x": 31.122933580841284,
  "cascade_alpha": 1.0,
  "bad_lqr_scale": 0.35
}