{
  "seed": 97254,
  "rms_passive_mm": 5.1464218104479525e-05,
  "rms_controlled_mm": 8.38107713305898e-06,
  "improvement_x": 6.140525530003777,
  "reward_passive_mean": -2.6485794247661645e-15,
  "reward_controlled_mean": -1.5478267060371818e-09
}