{
  "eval_seed": 92689,
  "rms_passive_mm": 7.74912026961006e-05,
  "rms_rl_mm": 0.3486777054351155,
  "improvement_x": 0.00022224306713100337,
  "reward_initial": -174709.184194,
  "reward_final": -332025.07725189,
  "run_reg_test": true,
  "reg_final_abs_x2_mm": 11.418980556706932,
  "noise_model": "external",
  "cascade_mode": "none",
  "reward_mode": "log_multiplicative"
}