{
  "eval_seed": 29886,
  "rms_passive_mm": 1.9872300007792513e-05,
  "rms_rl_mm": 0.005034479222963042,
  "improvement_x": 0.003947240444880945,
  "reward_initial": -111.086679,
  "reward_final": -222.22886955999994,
  "run_reg_test": true,
  "reg_final_abs_x2_mm": 11.01919601722344,
  "noise_model": "external",
  "cascade_mode": "none",
  "reward_mode": "log_multiplicative"
}