{
  "seed": 96801,
  "rms_passive_mm": 5.400340078045671e-05,
  "rms_controlled_mm": 1.9361688153479817e-05,
  "improvement_x": 2.789188646794254,
  "reward_passive_mean": -2.9175118168609907e-15,
  "reward_controlled_mean": -2.5076017631720544e-13
}