{
  "seed": 59195,
  "rms_passive_mm": 0.9182627267424289,
  "rms_controlled_mm": 0.10288020659229863,
  "improvement_x": 8.925552904276223,
  "reward_passive_mean": -8.464027263960953e-05,
  "reward_controlled_mean": -1.0598155646361215e-06
}