{
  "seed": 87092,
  "rms_passive_mm": 4.4969712154708545e-05,
  "rms_controlled_mm": 4.267317277771064e-06,
  "improvement_x": 10.538169352665863,
  "reward_passive_mean": -2.0268702899578994e-15,
  "reward_controlled_mean": -1.6104169034824297e-09
}